arm,role,fold,n_cn,n_ad,adni_cn_proj_mean,adni_ad_proj_mean,adni_ad_cn_separation_at_source,oasis_cn_proj_mean,oasis_ad_proj_mean,marginal_shift,cn_shift,ad_shift,ad_cn_projected_separation,cohens_d,projected_auc,clinical_alignment_margin
locked_frozen_transfer,primary,1,90,90,-1.9351720558453096,1.9351720558453092,3.8703441116906188,-2.444220112222813,-1.377157098495372,-1.9106886053590926,-0.5090480563775033,-3.312329154340681,1.0670630137274408,0.5390648722068654,0.6518518518518518,-1.377157098495372
locked_frozen_transfer,primary,2,90,90,-1.920024933380809,1.9200249333808093,3.8400498667616185,-2.2959240052220244,-1.4886710493291246,-1.8922975272755744,-0.3758990718412154,-3.4086959827099337,0.8072529558928998,0.4153410957192772,0.614320987654321,-1.4886710493291246
locked_frozen_transfer,primary,3,90,90,-1.8699573735684607,1.8699573735684605,3.739914747136921,-2.5488474203068128,-1.647718579883612,-2.098283000095212,-0.6788900467383521,-3.5176759534520725,0.9011288404232007,0.46135077722888884,0.6262962962962962,-1.647718579883612
locked_frozen_transfer,primary,4,90,90,-2.0312514790865444,2.0312514790865444,4.062502958173089,-2.829656576269121,-1.7258212216041267,-2.2777388989366236,-0.7984050971825765,-3.757072700690671,1.1038353546649942,0.5788533052697482,0.6508641975308642,-1.7258212216041267
locked_frozen_transfer,primary,5,90,90,-1.795452674444391,1.7954526744443915,3.5909053488887825,-2.034580071199616,-1.1746429751329492,-1.6046115231662825,-0.23912739675522499,-2.970095649577341,0.8599370960666668,0.4803504193065036,0.6296296296296297,-1.1746429751329492
previous_adni_fitted_siemens_combat,primary,1,90,90,-1.9351720558453096,1.9351720558453092,3.8703441116906188,-1.4506207691671171,-0.5996698577954538,-1.0251453134812856,0.48455128667819247,-2.534841913640763,0.8509509113716633,0.5354379952534362,0.6479012345679012,-0.5996698577954538
previous_adni_fitted_siemens_combat,primary,2,90,90,-1.920024933380809,1.9200249333808093,3.8400498667616185,-0.07955710642396974,-0.3635165132788047,-0.2215368098513872,1.8404678269568393,-2.283541446659614,-0.28395940685483495,-0.458654282180299,0.3701234567901235,-0.3635165132788047
previous_adni_fitted_siemens_combat,primary,3,90,90,-1.8699573735684607,1.8699573735684605,3.739914747136921,0.23139137942403773,0.49829189377760424,0.364841636600821,2.1013487529924983,-1.3716654797908563,0.26690051435356654,0.42691092300891065,0.6161728395061727,-0.23139137942403773
previous_adni_fitted_siemens_combat,primary,4,90,90,-2.0312514790865444,2.0312514790865444,4.062502958173089,0.3256947032893624,0.1546790421376771,0.24018687271351974,2.3569461823759066,-1.8765724369488672,-0.1710156611516853,-0.22272463638546436,0.42814814814814817,-0.3256947032893624
previous_adni_fitted_siemens_combat,primary,5,90,90,-1.795452674444391,1.7954526744443915,3.5909053488887825,0.04821139980113338,-0.04886951980110919,-0.00032905999998790805,1.8436640742455244,-1.8443221942455006,-0.09708091960224258,-0.12815631251120696,0.4712345679012346,-0.04886951980110919
external_dataset_combat_adni_reference,primary,1,90,90,-1.9351720558453096,1.9351720558453092,3.8703441116906188,-1.5650554855224983,-0.39926737493113773,-0.982161430226818,0.3701165703228113,-2.334439430776447,1.1657881105913606,0.5376876394066074,0.6513580246913581,-0.39926737493113773
external_dataset_combat_adni_reference,primary,2,90,90,-1.920024933380809,1.9200249333808093,3.8400498667616185,-1.4406024336401015,-0.5392453037863025,-0.989923868713202,0.4794224997407075,-2.459270237167112,0.901357129853799,0.4383634195656262,0.617037037037037,-0.5392453037863025
external_dataset_combat_adni_reference,primary,3,90,90,-1.8699573735684607,1.8699573735684605,3.739914747136921,-1.4954643867243735,-0.4930058203505927,-0.9942351035374831,0.37449298684408716,-2.362963193919053,1.0024585663737808,0.47034540607251346,0.625432098765432,-0.4930058203505927
external_dataset_combat_adni_reference,primary,4,90,90,-2.0312514790865444,2.0312514790865444,4.062502958173089,-1.6488275091723406,-0.49769845600170537,-1.073262982587023,0.3824239699142038,-2.52894993508825,1.151129053170635,0.5566359831330293,0.644074074074074,-0.49769845600170537
external_dataset_combat_adni_reference,primary,5,90,90,-1.795452674444391,1.7954526744443915,3.5909053488887825,-1.3790450420087854,-0.4441291606821022,-0.9115871013454437,0.41640763243560563,-2.2395818351264936,0.9349158813266832,0.4815231923239905,0.6281481481481481,-0.4441291606821022
external_dataset_combat_no_reference,secondary,1,90,90,-1.9351720558453096,1.9351720558453092,3.8703441116906188,-1.917827802680479,-0.7741230642540359,-1.3459754334672573,0.01734425316483068,-2.709295120099345,1.1437047384264432,0.5413438256916748,0.6525925925925927,-0.7741230642540359
external_dataset_combat_no_reference,secondary,2,90,90,-1.920024933380809,1.9200249333808093,3.8400498667616185,-1.7823513511210132,-0.9125233713701314,-1.3474373612455723,0.13767358225979587,-2.8325483047509405,0.8698279797508818,0.4306433033557189,0.6166666666666667,-0.9125233713701314
external_dataset_combat_no_reference,secondary,3,90,90,-1.8699573735684607,1.8699573735684605,3.739914747136921,-1.9328361600420771,-0.9674008328096565,-1.4501184964258669,-0.06287878647361644,-2.837358206378117,0.9654353272324206,0.4630256632772772,0.6260493827160495,-0.9674008328096565
external_dataset_combat_no_reference,secondary,4,90,90,-2.0312514790865444,2.0312514790865444,4.062502958173089,-2.1500717132505165,-1.020425548245938,-1.5852486307482272,-0.11882023416397214,-3.0516770273324823,1.1296461650045786,0.5601418758270602,0.6482716049382715,-1.020425548245938
external_dataset_combat_no_reference,secondary,5,90,90,-1.795452674444391,1.7954526744443915,3.5909053488887825,-1.6461976747123446,-0.7410954050253244,-1.1936465398688345,0.14925499973204648,-2.536548079469716,0.9051022696870201,0.47711969866743087,0.6279012345679014,-0.7410954050253244
