site_i,site_j,n_i,n_j,euclidean_dist,cosine_dist
-1,10,163,2,10.738478660583496,0.7825397998094559
-1,100,163,13,5.056639671325684,0.6786498427391052
-1,11,163,12,4.706158638000488,0.6483630239963531
-1,114,163,3,8.752279281616211,0.812798261642456
-1,116,163,2,10.121431350708008,0.78304623067379
-1,12,163,2,10.31733512878418,0.8476738929748535
-1,123,163,6,7.238895893096924,0.7094182372093201
-1,126,163,2,10.642303466796875,0.8398828059434891
-1,127,163,2,9.919242858886719,0.79006128013134
-1,129,163,2,9.2133150100708,0.7617638260126114
-1,13,163,7,5.915660381317139,0.8390922844409943
-1,130,163,33,3.5227882862091064,0.5695955455303192
-1,131,163,1,15.270787239074707,0.9294217675924301
-1,135,163,6,6.138459205627441,0.6041592657566071
-1,136,163,5,6.503756046295166,0.7586576640605927
-1,14,163,18,3.816335678100586,0.5003712773323059
-1,168,163,8,5.648265361785889,0.7412007451057434
-1,177,163,6,6.596182823181152,0.6647887229919434
-1,18,163,10,4.665237903594971,0.6163878440856934
-1,19,163,12,4.84738302230835,0.6971843242645264
-1,2,163,9,5.06626558303833,0.6682455539703369
-1,22,163,1,14.808873176574707,0.8383885324001312
-1,27,163,4,7.9975152015686035,0.8530479520559311
-1,3,163,20,3.9721221923828125,0.5865293443202972
-1,301,163,4,7.8939008712768555,0.7472917139530182
-1,305,163,7,5.725765705108643,0.6089404821395874
-1,31,163,6,6.10382080078125,0.6894841194152832
-1,32,163,3,7.869495391845703,0.8486317545175552
-1,35,163,4,7.241912364959717,0.7354429960250854
-1,53,163,4,7.85181188583374,0.7168520390987396
-1,57,163,2,9.791400909423828,0.7630442380905151
-1,6,163,14,4.203758239746094,0.6726303696632385
-1,82,163,1,13.025959014892578,0.8225076347589493
-1,98,163,3,8.057731628417969,0.6669443845748901
10,100,2,13,11.247956275939941,0.8132993429899216
10,11,2,12,11.631401062011719,0.9123973250389099
10,114,2,3,12.884533882141113,0.8311550468206406
10,116,2,2,15.019400596618652,0.989458397962153
10,12,2,2,14.828438758850098,0.963451936841011
10,123,2,6,12.702293395996094,0.9017670899629593
10,126,2,2,14.19802188873291,0.8548365384340286
10,127,2,2,14.290315628051758,0.9144636541604996
10,129,2,2,14.82712459564209,1.044987466186285
10,13,2,7,12.435824394226074,1.01334095466882
10,130,2,33,10.935110092163086,0.8185326457023621
10,131,2,1,19.06409454345703,1.0339188612997532
10,135,2,6,12.5798921585083,0.9508235901594162
10,136,2,5,12.296744346618652,0.9107883796095848
10,14,2,18,11.178175926208496,0.845791757106781
10,168,2,8,12.16135025024414,0.9587643928825855
10,177,2,6,11.45663070678711,0.7502956539392471
10,18,2,10,12.168514251708984,1.0251129250973463
10,19,2,12,12.386303901672363,1.0812338516116142
10,2,2,9,11.907108306884766,0.9430787190794945
10,22,2,1,18.355764389038086,0.972960852086544
10,27,2,4,13.461479187011719,0.9876131312921643
10,3,2,20,11.364998817443848,0.89960677921772
10,301,2,4,13.393760681152344,0.9587612375617027
10,305,2,7,11.966724395751953,0.8816649541258812
10,31,2,6,13.012925148010254,1.0577936135232449
10,32,2,3,13.303365707397461,0.9740211237221956
10,35,2,4,12.229715347290039,0.8360806107521057
10,53,2,4,13.452958106994629,0.9633178003132343
10,57,2,2,15.034994125366211,1.0173904616385698
10,6,2,14,11.697891235351562,0.984890422783792
10,82,2,1,17.108570098876953,0.989382229745388
10,98,2,3,13.539076805114746,0.9438095577061176
100,11,13,12,6.713667392730713,0.8857275173068047
100,114,13,3,9.915078163146973,0.9274957329034805
100,116,13,2,10.54247760772705,0.7860980033874512
100,12,13,2,11.29059886932373,0.9358535781502724
100,123,13,6,7.44464635848999,0.6377256810665131
100,126,13,2,11.453391075134277,0.9030896872282028
100,127,13,2,11.028857231140137,0.9259834438562393
100,129,13,2,10.923773765563965,1.0271396096795797
100,13,13,7,7.485952377319336,0.9469706900417805
100,130,13,33,5.487406253814697,0.731216698884964
100,131,13,1,16.161584854125977,1.0184648670256138
100,135,13,6,7.75499153137207,0.8341941833496094
100,136,13,5,8.51136302947998,1.0314746610820293
100,14,13,18,6.0592827796936035,0.7976822555065155
100,168,13,8,6.744466781616211,0.767195925116539
100,177,13,6,8.17733383178711,0.8774645179510117
100,18,13,10,6.581295013427734,0.8405511975288391
100,19,13,12,6.6048383712768555,0.8571942448616028
100,2,13,9,6.525825023651123,0.7810923457145691
100,22,13,1,14.271641731262207,0.6899286508560181
100,27,13,4,9.575655937194824,1.0261543430387974
100,3,13,20,5.881999492645264,0.770609900355339
100,301,13,4,7.817325115203857,0.6229546964168549
100,305,13,7,7.496740818023682,0.8554511815309525
100,31,13,6,7.796896934509277,0.8994580209255219
100,32,13,3,8.672904014587402,0.8469432592391968
100,35,13,4,8.351139068603516,0.8338964879512787
100,53,13,4,8.808156967163086,0.8096412420272827
100,57,13,2,10.873601913452148,0.9030654951930046
100,6,13,14,5.831778526306152,0.7602063864469528
100,82,13,1,14.235596656799316,1.0049666846171021
100,98,13,3,9.193108558654785,0.8251914083957672
11,114,12,3,8.941082000732422,0.7464837431907654
11,116,12,2,11.198541641235352,0.9446300528943539
11,12,12,2,11.505804061889648,1.0113553749397397
11,123,12,6,8.530633926391602,0.8930138200521469
11,126,12,2,11.454229354858398,0.9271694496273994
11,127,12,2,10.780515670776367,0.8983546048402786
11,129,12,2,10.61179256439209,0.9903302052989602
11,13,12,7,6.90385103225708,0.8492863774299622
11,130,12,33,5.4454145431518555,0.7896838188171387
11,131,12,1,15.551311492919922,0.9106046706438065
11,135,12,6,7.582573890686035,0.8313716948032379
11,136,12,5,7.825972557067871,0.9083240702748299
11,14,12,18,5.736390113830566,0.7692631632089615
11,168,12,8,7.355227947235107,0.964481495320797
11,177,12,6,7.576907634735107,0.7771693766117096
11,18,12,10,6.268202781677246,0.8123544305562973
11,19,12,12,6.3159308433532715,0.835902601480484
11,2,12,9,6.602838039398193,0.8483488261699677
11,22,12,1,15.334638595581055,0.9063426330685616
11,27,12,4,9.189764976501465,0.9749086294323206
11,3,12,20,5.252911567687988,0.6618993282318115
11,301,12,4,9.041460037231445,0.8987493216991425
11,305,12,7,7.048923492431641,0.7907657325267792
11,31,12,6,7.264394283294678,0.8146639168262482
11,32,12,3,9.615793228149414,1.1053687259554863
11,35,12,4,7.507968425750732,0.6829885244369507
11,53,12,4,8.929494857788086,0.8639303296804428
11,57,12,2,11.264759063720703,1.016955053433776
11,6,12,14,5.924253463745117,0.8489343822002411
11,82,12,1,13.123970031738281,0.7943282574415207
11,98,12,3,9.0667724609375,0.8241359293460846
114,116,3,2,13.842390060424805,1.0356608107686043
114,12,3,2,13.799753189086914,1.02793949842453
114,123,3,6,10.943272590637207,0.8874215111136436
114,126,3,2,13.579773902893066,0.9550764784216881
114,127,3,2,13.005934715270996,0.9373132437467575
114,129,3,2,12.680245399475098,0.9593076519668102
114,13,3,7,9.522886276245117,0.8060988485813141
114,130,3,33,8.788403511047363,0.7825608849525452
114,131,3,1,18.143211364746094,1.0743473395705223
114,135,3,6,10.640161514282227,0.9205218404531479
114,136,3,5,10.795563697814941,0.9597049281001091
114,14,3,18,9.53757095336914,0.9241824448108673
114,168,3,8,9.555564880371094,0.8119253665208817
114,177,3,6,10.898736953735352,0.9358099848031998
114,18,3,10,10.009288787841797,0.9740719925612211
114,19,3,12,9.676701545715332,0.9052718728780746
114,2,3,9,9.72233772277832,0.881964698433876
114,22,3,1,16.829404830932617,0.9254936277866364
114,27,3,4,11.947417259216309,1.016210898756981
114,3,3,20,9.282903671264648,0.8736073672771454
114,301,3,4,11.511795997619629,0.9208663403987885
114,305,3,7,10.24484634399414,0.895025908946991
114,31,3,6,10.420374870300293,0.9128290265798569
114,32,3,3,11.54371452331543,0.9615818783640862
114,35,3,4,10.557717323303223,0.8322651833295822
114,53,3,4,11.203057289123535,0.8670748621225357
114,57,3,2,12.74014663696289,0.9043594375252724
114,6,3,14,9.283486366271973,0.875666581094265
114,82,3,1,14.593082427978516,0.828971654176712
114,98,3,3,11.542580604553223,0.8824041038751602
116,12,2,2,14.192728042602539,0.9390053860843182
116,123,2,6,11.51106071472168,0.7985483705997467
116,126,2,2,14.430218696594238,0.9374644756317139
116,127,2,2,13.302608489990234,0.8444227874279022
116,129,2,2,14.211915016174316,1.0264781638979912
116,13,2,7,11.621604919433594,0.963928509503603
116,130,2,33,10.830253601074219,0.9585172012448311
116,131,2,1,18.119977951049805,0.9679978005588055
116,135,2,6,11.292994499206543,0.8246467262506485
116,136,2,5,12.292107582092285,1.0049501112662256
116,14,2,18,10.87578296661377,0.9144083708524704
116,168,2,8,10.462970733642578,0.745685875415802
116,177,2,6,12.106575965881348,0.93549395352602
116,18,2,10,10.483528137207031,0.787812277674675
116,19,2,12,11.616140365600586,1.0388499274849892
116,2,2,9,11.182136535644531,0.911475695669651
116,22,2,1,15.703540802001953,0.7244852483272552
116,27,2,4,11.925813674926758,0.8323237746953964
116,3,2,20,10.46888256072998,0.8257059752941132
116,301,2,4,11.417786598205566,0.7459717988967896
116,305,2,7,12.025432586669922,0.9918605955317616
116,31,2,6,12.383394241333008,1.0439229793846607
116,32,2,3,12.223649024963379,0.8863315284252167
116,35,2,4,12.389378547668457,0.9400737248361111
116,53,2,4,11.249146461486816,0.720100462436676
116,57,2,2,13.51975154876709,0.8765664622187614
116,6,2,14,11.001996040344238,0.9595588035881519
116,82,2,1,16.403579711914062,0.9524423219263554
116,98,2,3,12.299627304077148,0.8366884589195251
12,123,2,6,12.477919578552246,0.9458225965499878
12,126,2,2,15.241817474365234,1.0448817610740662
12,127,2,2,14.141411781311035,0.9532691538333893
12,129,2,2,14.305983543395996,1.0389636754989624
12,13,2,7,11.360857963562012,0.911035381257534
12,130,2,33,10.812788963317871,0.9505458436906338
12,131,2,1,17.77809715270996,0.9283686429262161
12,135,2,6,12.207426071166992,0.9783873856067657
12,136,2,5,11.772196769714355,0.9115078002214432
12,14,2,18,10.662130355834961,0.8607958555221558
12,168,2,8,11.390350341796875,0.9163368120789528
12,177,2,6,12.02192211151123,0.9198750257492065
12,18,2,10,10.622843742370605,0.8144843429327011
12,19,2,12,11.045378684997559,0.9087946712970734
12,2,2,9,10.547037124633789,0.7825113385915756
12,22,2,1,18.62933349609375,1.0471713058650494
12,27,2,4,12.764530181884766,0.9574789516627789
12,3,2,20,10.908096313476562,0.9313215762376785
12,301,2,4,13.185869216918945,1.0034279087558389
12,305,2,7,11.612296104431152,0.9141694009304047
12,31,2,6,11.945174217224121,0.9612374901771545
12,32,2,3,13.151849746704102,1.0310526564717293
12,35,2,4,12.644655227661133,0.9800204467028379
12,53,2,4,12.095542907714844,0.8357649892568588
12,57,2,2,13.257991790771484,0.842014342546463
12,6,2,14,10.916675567626953,0.9353321939706802
12,82,2,1,15.90357494354248,0.8927338570356369
12,98,2,3,13.419137001037598,0.9981547233182937
123,126,6,2,12.802214622497559,0.9513781815767288
123,127,6,2,12.160540580749512,0.925809234380722
123,129,6,2,12.15816593170166,1.0097479419782758
123,13,6,7,8.883134841918945,0.8826627656817436
123,130,6,33,7.814586162567139,0.8361700475215912
123,131,6,1,16.75672721862793,0.9683142118155956
123,135,6,6,8.876519203186035,0.7752150297164917
123,136,6,5,9.88907527923584,0.9771107956767082
123,14,6,18,8.279502868652344,0.89200459420681
123,168,6,8,8.185236930847168,0.7428347170352936
123,177,6,6,9.751212120056152,0.9007077515125275
123,18,6,10,7.71890926361084,0.709016352891922
123,19,6,12,8.113500595092773,0.7987150996923447
123,2,6,9,9.001799583435059,0.9587466232478619
123,22,6,1,15.564373016357422,0.8250507712364197
123,27,6,4,11.073623657226562,1.0277698505669832
123,3,6,20,8.24027156829834,0.8976724818348885
123,301,6,4,9.049667358398438,0.6665036678314209
123,305,6,7,8.804361343383789,0.8098847270011902
123,31,6,6,9.392812728881836,0.9062444865703583
123,32,6,3,10.307833671569824,0.9051728323101997
123,35,6,4,9.487253189086914,0.8008503019809723
123,53,6,4,9.583849906921387,0.7427649199962616
123,57,6,2,11.912853240966797,0.8929980993270874
123,6,6,14,7.401674270629883,0.6914551854133606
123,82,6,1,15.33094596862793,1.0165354330092669
123,98,6,3,11.604721069335938,1.0376984775066376
126,127,2,2,14.984118461608887,1.0329442508518696
126,129,2,2,14.626530647277832,1.045927420258522
126,13,2,7,12.058825492858887,0.9859983157366514
126,130,2,33,11.296041488647461,0.9917446728795767
126,131,2,1,18.500289916992188,0.9878268176689744
126,135,2,6,12.713057518005371,1.0140520427376032
126,136,2,5,12.651206016540527,1.0128260040655732
126,14,2,18,11.27273941040039,0.9277979806065559
126,168,2,8,12.170395851135254,1.0077570443972945
126,177,2,6,12.499553680419922,0.9500682726502419
126,18,2,10,11.850677490234375,1.0091160787269473
126,19,2,12,11.893059730529785,1.0249830093234777
126,2,2,9,11.569326400756836,0.9233184307813644
126,22,2,1,18.298805236816406,0.9840334262698889
126,27,2,4,11.7305908203125,0.7647667229175568
126,3,2,20,10.508711814880371,0.7540434300899506
126,301,2,4,13.352774620056152,0.985133639536798
126,305,2,7,12.535907745361328,1.0275805424898863
126,31,2,6,12.562312126159668,1.0177685096859932
126,32,2,3,12.578767776489258,0.8961729481816292
126,35,2,4,11.89062786102295,0.8175023794174194
126,53,2,4,12.960161209106445,0.9215931072831154
126,57,2,2,15.520275115966797,1.113689087331295
126,6,2,14,11.55929183959961,1.014091270044446
126,82,2,1,16.957015991210938,0.9916037358343601
126,98,2,3,13.752138137817383,1.0061481278389692
127,129,2,2,13.99848461151123,1.0203886069357395
127,13,2,7,11.284358978271484,0.9370756447315216
127,130,2,33,10.070672035217285,0.8065475523471832
127,131,2,1,16.836538314819336,0.8368940055370331
127,135,2,6,11.4591064453125,0.8836218491196632
127,136,2,5,11.868144989013672,0.9637166373431683
127,14,2,18,10.603525161743164,0.8998114764690399
127,168,2,8,11.00711441040039,0.8828315585851669
127,177,2,6,12.580004692077637,1.0502547360956669
127,18,2,10,10.387903213500977,0.810329481959343
127,19,2,12,10.744437217712402,0.8905048817396164
127,2,2,9,10.943885803222656,0.9044245332479477
127,22,2,1,17.916397094726562,0.9788364823907614
127,27,2,4,12.7174072265625,0.9799821935594082
127,3,2,20,10.740372657775879,0.9453992247581482
127,301,2,4,12.506484985351562,0.9275025874376297
127,305,2,7,11.791154861450195,0.9849729081615806
127,31,2,6,11.750215530395508,0.9629951566457748
127,32,2,3,11.778942108154297,0.8460517376661301
127,35,2,4,12.29470443725586,0.9546126127243042
127,53,2,4,13.310637474060059,1.0485773608088493
127,57,2,2,13.46351146697998,0.889547660946846
127,6,2,14,10.76897144317627,0.9546625204384327
127,82,2,1,16.76179313659668,1.0134310787543654
127,98,2,3,11.737428665161133,0.7822146564722061
129,13,2,7,10.968066215515137,0.9860728429630399
129,130,2,33,10.227616310119629,1.024382522329688
129,131,2,1,18.81112289428711,1.114428922533989
129,135,2,6,11.10594367980957,0.9135112687945366
129,136,2,5,11.19609546661377,0.939254354685545
129,14,2,18,9.893732070922852,0.8711938261985779
129,168,2,8,11.201250076293945,1.0336618460714817
129,177,2,6,11.312787055969238,0.9212486669421196
129,18,2,10,10.339696884155273,0.9227871149778366
129,19,2,12,10.401668548583984,0.9426018074154854
129,2,2,9,10.522506713867188,0.9352900236845016
129,22,2,1,17.087526321411133,0.9201729074120522
129,27,2,4,11.927539825439453,0.9338450878858566
129,3,2,20,10.032615661621094,0.9172319918870926
129,301,2,4,12.221091270446777,0.9596339352428913
129,305,2,7,10.763250350952148,0.8952699452638626
129,31,2,6,10.900734901428223,0.9066453501582146
129,32,2,3,12.129108428955078,0.9788514971733093
129,35,2,4,12.215560913085938,1.0281480196863413
129,53,2,4,12.545822143554688,1.0065958052873611
129,57,2,2,13.701223373413086,0.9827671628445387
129,6,2,14,9.867650985717773,0.8776351362466812
129,82,2,1,15.519365310668945,0.9051880240440369
129,98,2,3,12.96605110168457,1.033666156232357
13,130,7,33,5.924436092376709,0.7500188946723938
13,131,7,1,15.463662147521973,0.8591573238372803
13,135,7,6,7.855413436889648,0.8009171932935715
13,136,7,5,7.411831378936768,0.7253182232379913
13,14,7,18,6.399989128112793,0.7964337021112442
13,168,7,8,7.461975574493408,0.8651782274246216
13,177,7,6,9.136917114257812,1.0326476395130157
13,18,7,10,6.437539577484131,0.7290076017379761
13,19,7,12,6.6614813804626465,0.789943516254425
13,2,7,9,7.100579738616943,0.8446628302335739
13,22,7,1,15.7090482711792,0.9389124475419521
13,27,7,4,10.099624633789062,1.0816625356674194
13,3,7,20,6.697004318237305,0.8973160833120346
13,301,7,4,9.62285041809082,0.9405991211533546
13,305,7,7,8.203756332397461,0.9522504396736622
13,31,7,6,7.07582950592041,0.6878599226474762
13,32,7,3,9.296501159667969,0.9284603893756866
13,35,7,4,8.744344711303711,0.8664959818124771
13,53,7,4,9.392106056213379,0.884789802134037
13,57,7,2,11.645513534545898,1.0184074360877275
13,6,7,14,6.572176456451416,0.8657865226268768
13,82,7,1,14.292445182800293,0.981123698875308
13,98,7,3,9.636380195617676,0.872889831662178
130,131,33,1,14.90969467163086,0.7993065714836121
130,135,33,6,7.077351093292236,0.8391820192337036
130,136,33,5,6.27597713470459,0.6419324576854706
130,14,33,18,4.923033237457275,0.7511896342039108
130,168,33,8,6.363758563995361,0.8793922439217567
130,177,33,6,7.401718616485596,0.8577018529176712
130,18,33,10,4.8221116065979,0.5972572565078735
130,19,33,12,4.960362434387207,0.6479191184043884
130,2,33,9,5.257741928100586,0.6561971008777618
130,22,33,1,15.277280807495117,0.9551936462521553
130,27,33,4,8.843969345092773,1.041793204843998
130,3,33,20,5.06648588180542,0.8301268070936203
130,301,33,4,8.244505882263184,0.8103050738573074
130,305,33,7,6.320000648498535,0.7380454540252686
130,31,33,6,6.501266002655029,0.7532351166009903
130,32,33,3,8.11298942565918,0.8581468760967255
130,35,33,4,7.528521537780762,0.7754661440849304
130,53,33,4,8.37503719329834,0.8341952413320541
130,57,33,2,10.2416410446167,0.8670809268951416
130,6,33,14,4.557199478149414,0.6742415726184845
130,82,33,1,13.270502090454102,0.8741981387138367
130,98,33,3,8.80258846282959,0.8583759367465973
131,135,1,6,15.440530776977539,0.8154909759759903
131,136,1,5,16.21168327331543,0.9414183087646961
131,14,1,18,15.829523086547852,1.0036750652361661
131,168,1,8,15.57726001739502,0.8793817535042763
131,177,1,6,16.793180465698242,1.0094177071005106
131,18,1,10,15.013887405395508,0.7984127402305603
131,19,1,12,15.23862075805664,0.8458045125007629
131,2,1,9,16.19045066833496,1.0210691764950752
131,22,1,1,21.82697868347168,1.044140387326479
131,27,1,4,17.512041091918945,1.0535513833165169
131,3,1,20,16.085235595703125,1.0775451809167862
131,301,1,4,17.25056266784668,1.001623050076887
131,305,1,7,15.691709518432617,0.8752554729580879
131,31,1,6,16.205442428588867,0.9531010873615742
131,32,1,3,16.87082290649414,0.9694695360958576
131,35,1,4,17.284164428710938,1.0523682907223701
131,53,1,4,17.094995498657227,0.9768228307366371
131,57,1,2,18.42848777770996,1.0227945819497108
131,6,1,14,15.961931228637695,1.0483309179544449
131,82,1,1,20.637645721435547,1.0489545576274395
131,98,1,3,17.298114776611328,0.9805087968707085
135,136,6,5,8.83008098602295,0.8868424668908119
135,14,6,18,7.386133670806885,0.8462938219308853
135,168,6,8,7.537430286407471,0.7358022034168243
135,177,6,6,8.953868865966797,0.8583348095417023
135,18,6,10,7.113882541656494,0.7197535634040833
135,19,6,12,7.038198947906494,0.709444522857666
135,2,6,9,7.735942363739014,0.8244534283876419
135,22,6,1,15.534444808959961,0.858630046248436
135,27,6,4,10.290517807006836,0.9879307122901082
135,3,6,20,6.948979377746582,0.7513022273778915
135,301,6,4,9.271167755126953,0.773215040564537
135,305,6,7,8.134533882141113,0.795215904712677
135,31,6,6,8.791797637939453,0.9085732251405716
135,32,6,3,9.715995788574219,0.895880900323391
135,35,6,4,9.547636985778809,0.9088130965828896
135,53,6,4,9.919357299804688,0.8810786083340645
135,57,6,2,11.797929763793945,0.9493389241397381
135,6,6,14,7.4923295974731445,0.8941911235451698
135,82,6,1,14.716625213623047,0.9829308670014143
135,98,6,3,9.447807312011719,0.7512327134609222
136,14,5,18,7.52777099609375,0.9048004075884819
136,168,5,8,8.404094696044922,0.9349794760346413
136,177,5,6,9.483848571777344,0.9773492384701967
136,18,5,10,7.072065353393555,0.7272161245346069
136,19,5,12,7.094921112060547,0.7386084198951721
136,2,5,9,7.285096168518066,0.7433436512947083
136,22,5,1,16.98513412475586,1.1023665219545364
136,27,5,4,9.805472373962402,0.907169759273529
136,3,5,20,7.517338275909424,0.9211862459778786
136,301,5,4,10.48414134979248,1.006768579594791
136,305,5,7,8.493192672729492,0.8817681074142456
136,31,5,6,8.209450721740723,0.8051003813743591
136,32,5,3,9.69594955444336,0.9037788510322571
136,35,5,4,9.301816940307617,0.8740683048963547
136,53,5,4,10.521385192871094,1.0064104706980288
136,57,5,2,12.075630187988281,1.0088981734588742
136,6,5,14,7.073393821716309,0.8061930537223816
136,82,5,1,14.449426651000977,0.945725291967392
136,98,5,3,10.553192138671875,0.9561168663203716
14,168,18,8,6.658540725708008,0.8640203773975372
14,177,18,6,7.381320476531982,0.7839597910642624
14,18,18,10,5.982398509979248,0.824468120932579
14,19,18,12,5.843475341796875,0.7985302060842514
14,2,18,9,6.406113624572754,0.8836858421564102
14,22,18,1,14.939982414245605,0.8414557725191116
14,27,18,4,8.952296257019043,0.9823567159473896
14,3,18,20,5.293399810791016,0.7694913893938065
14,301,18,4,9.344709396362305,1.0366251096129417
14,305,18,7,6.461331367492676,0.7105363011360168
14,31,18,6,7.119831085205078,0.8449296206235886
14,32,18,3,8.770519256591797,0.963096234947443
14,35,18,4,7.809751987457275,0.7923640757799149
14,53,18,4,8.617871284484863,0.8407098203897476
14,57,18,2,10.251057624816895,0.8270863145589828
14,6,18,14,5.539413928985596,0.8471753299236298
14,82,18,1,12.745173454284668,0.7269486784934998
14,98,18,3,8.225798606872559,0.6738073229789734
168,177,8,6,9.044507026672363,1.0107022365555167
168,18,8,10,6.634043216705322,0.7739540189504623
168,19,8,12,6.807088851928711,0.8244776576757431
168,2,8,9,7.406904697418213,0.9185005947947502
168,22,8,1,14.968360900878906,0.8051765114068985
168,27,8,4,9.63348388671875,0.9784729555249214
168,3,8,20,6.689059257507324,0.8939807936549187
168,301,8,4,8.48455810546875,0.7163695693016052
168,305,8,7,8.002846717834473,0.9052611589431763
168,31,8,6,8.251540184020996,0.9370686933398247
168,32,8,3,9.335062980651855,0.9360136911273003
168,35,8,4,9.259574890136719,0.975544884800911
168,53,8,4,8.890933990478516,0.7854577600955963
168,57,8,2,10.80174446105957,0.8521525114774704
168,6,8,14,6.480764865875244,0.8394980132579803
168,82,8,1,13.957246780395508,0.917689323425293
168,98,8,3,9.626533508300781,0.870461955666542
177,18,6,10,8.082842826843262,0.8854358121752739
177,19,6,12,8.481734275817871,0.9901987910270691
177,2,6,9,8.554891586303711,0.958108376711607
177,22,6,1,16.467021942138672,0.987587139941752
177,27,6,4,9.477583885192871,0.8057242184877396
177,3,6,20,7.599023818969727,0.8533868342638016
177,301,6,4,10.839988708496094,1.0250493939965963
177,305,6,7,7.937960147857666,0.7201845347881317
177,31,6,6,8.9246244430542,0.8927609175443649
177,32,6,3,10.34411907196045,0.9785070642828941
177,35,6,4,9.868441581726074,0.9331211820244789
177,53,6,4,10.20533275604248,0.9006511196494102
177,57,6,2,11.859272956848145,0.9326333552598953
177,6,6,14,7.117759704589844,0.7342475354671478
177,82,6,1,14.082355499267578,0.8625361919403076
177,98,6,3,10.965787887573242,0.9872069684788585
18,19,10,12,5.356453895568848,0.5932023525238037
18,2,10,9,5.893576622009277,0.6672808527946472
18,22,10,1,15.46015739440918,0.9292808696627617
18,27,10,4,9.270732879638672,0.9861276522278786
18,3,10,20,5.828465461730957,0.8045255988836288
18,301,10,4,8.797088623046875,0.8378610759973526
18,305,10,7,6.878520965576172,0.7444429397583008
18,31,10,6,6.859102725982666,0.7159643173217773
18,32,10,3,8.8555269241333,0.9134132638573647
18,35,10,4,8.249960899353027,0.8368527591228485
18,53,10,4,8.30467700958252,0.7246384918689728
18,57,10,2,10.761961936950684,0.8991777822375298
18,6,10,14,5.486633777618408,0.7144146263599396
18,82,10,1,13.942047119140625,0.9612235687673092
18,98,10,3,9.582596778869629,0.9325685650110245
19,2,12,9,6.473640441894531,0.8153870403766632
19,22,12,1,15.078239440917969,0.8531355410814285
19,27,12,4,9.290904998779297,0.9991120216436684
19,3,12,20,5.6495819091796875,0.7674835622310638
19,301,12,4,9.317887306213379,0.9627397395670414
19,305,12,7,7.151126861572266,0.8147120624780655
19,31,12,6,7.091223239898682,0.7746486514806747
19,32,12,3,8.651926040649414,0.8738357126712799
19,35,12,4,8.33585262298584,0.8630513101816177
19,53,12,4,8.72868824005127,0.8195064961910248
19,57,12,2,11.27477741241455,1.0192580837756395
19,6,12,14,5.632519245147705,0.7661920338869095
19,82,12,1,14.08572006225586,0.9968428411521018
19,98,12,3,9.09129810333252,0.8294758945703506
2,22,9,1,15.467767715454102,0.9156642034649849
2,27,9,4,9.3203125,0.9618171527981758
2,3,9,20,5.676748752593994,0.7075448334217072
2,301,9,4,8.9041109085083,0.8339523673057556
2,305,9,7,7.517402648925781,0.8539576530456543
2,31,9,6,7.223196029663086,0.7637724578380585
2,32,9,3,9.173871994018555,0.9517955183982849
2,35,9,4,8.113624572753906,0.7791008502244949
2,53,9,4,8.634467124938965,0.7702538520097733
2,57,9,2,11.001626968383789,0.9257967472076416
2,6,9,14,5.972305774688721,0.7890360951423645
2,82,9,1,13.666051864624023,0.8868390694260597
2,98,9,3,9.462088584899902,0.8772530853748322
22,27,1,4,16.79308319091797,0.9766627084463835
22,3,1,20,15.152134895324707,0.8965794146060944
22,301,1,4,15.332966804504395,0.7707789838314056
22,305,1,7,16.004966735839844,0.9604269973933697
22,31,1,6,16.26599884033203,0.9955205172300339
22,32,1,3,16.669647216796875,0.966910045593977
22,35,1,4,16.095338821411133,0.9036358147859573
22,53,1,4,14.079934120178223,0.6184742450714111
22,57,1,2,17.557636260986328,0.9400422237813473
22,6,1,14,15.349620819091797,0.9456929303705692
22,82,1,1,20.143421173095703,1.0145844481885433
22,98,1,3,16.763132095336914,0.9335353448987007
27,3,4,20,8.720900535583496,0.9388261213898659
27,301,4,4,11.75658893585205,1.0760954022407532
27,305,4,7,10.042999267578125,0.9981825856957585
27,31,4,6,9.834622383117676,0.9380308762192726
27,32,4,3,9.869874000549316,0.7912015914916992
27,35,4,4,10.538979530334473,0.9401249624788761
27,53,4,4,11.39283275604248,1.0041309972293675
27,57,4,2,12.832173347473145,1.0048367721028626
27,6,4,14,8.792278289794922,0.960355632007122
27,82,4,1,15.122179985046387,0.9579165987670422
27,98,4,3,11.261946678161621,0.9354432225227356
3,301,20,4,8.663602828979492,0.8760159313678741
3,305,20,7,6.849918365478516,0.8237601220607758
3,31,20,6,7.160091876983643,0.8736448436975479
3,32,20,3,8.319640159606934,0.8628187328577042
3,35,20,4,7.815088272094727,0.8063657432794571
3,53,20,4,8.35695743560791,0.7886750996112823
3,57,20,2,10.737979888916016,0.9568476043641567
3,6,20,14,5.3543701171875,0.8197786509990692
3,82,20,1,13.314355850219727,0.8623863160610199
3,98,20,3,8.800514221191406,0.8163632303476334
301,305,4,7,9.63286304473877,0.8845168203115463
301,31,4,6,10.089007377624512,0.9559113569557667
301,32,4,3,11.254148483276367,1.0011774828890339
301,35,4,4,10.739723205566406,0.9489739537239075
301,53,4,4,10.92725658416748,0.9001356512308121
301,57,4,2,12.218693733215332,0.8899773582816124
301,6,4,14,8.50337028503418,0.8375472128391266
301,82,4,1,15.98957633972168,1.0688796937465668
301,98,4,3,11.502076148986816,0.9520952291786671
305,31,7,6,7.843167304992676,0.7792674005031586
305,32,7,3,9.899008750915527,0.9885076126083732
305,35,7,4,8.923088073730469,0.8434114903211594
305,53,7,4,9.57676887512207,0.8665460348129272
305,57,7,2,12.233375549316406,1.0782522782683372
305,6,7,14,6.686537265777588,0.7837701439857483
305,82,7,1,13.409558296203613,0.7950270771980286
305,98,7,3,9.669981956481934,0.8300058990716934
31,32,6,3,10.037775039672852,0.9974308600649238
31,35,6,4,9.133624076843262,0.8671009689569473
31,53,6,4,9.592805862426758,0.8543049246072769
31,57,6,2,12.000885963439941,1.0174470711499453
31,6,6,14,6.458777904510498,0.6964490711688995
31,82,6,1,14.852105140686035,1.0309666823595762
31,98,6,3,10.314705848693848,0.9350635856389999
32,35,3,4,10.489911079406738,0.9469934962689877
32,53,3,4,10.982280731201172,0.9472152478992939
32,57,3,2,12.208828926086426,0.9177002236247063
32,6,3,14,8.426251411437988,0.8925217688083649
32,82,3,1,15.275907516479492,0.9893611688166857
32,98,3,3,11.0155668258667,0.9077398180961609
35,53,4,4,10.355223655700684,0.8760092705488205
35,57,4,2,11.917003631591797,0.9004125446081161
35,6,4,14,7.623349666595459,0.7607895135879517
35,82,4,1,14.583016395568848,0.9092942103743553
35,98,4,3,11.224711418151855,0.9793207310140133
53,57,4,2,12.047246932983398,0.8603979647159576
53,6,4,14,8.295984268188477,0.7754270136356354
53,82,4,1,14.933767318725586,0.9136002883315086
53,98,4,3,11.726029396057129,0.9838005285710096
57,6,2,14,10.332428932189941,0.857133075594902
57,82,2,1,15.96004581451416,0.9189106300473213
57,98,2,3,12.387982368469238,0.8783611431717873
6,82,14,1,13.610212326049805,0.9355780258774757
6,98,14,3,9.674927711486816,1.0447143577039242
82,98,1,3,14.592140197753906,0.8449496328830719
