run_id,run_name,channel_indices,channel_names,script,folds_outer,folds_inner,latent_dim,epochs,beta,recon_loss_mode,lr_scheduler_T0,beta_cycles,early_stopping_patience,metadata,N_effective,N_CN,N_AD,N_MCI,fold_aucs,mean_auc,se_auc,pr_auc,balanced_accuracy,sensitivity,specificity,f1,decision,notes
FAST_v1_ch1,[1] single-channel (outer=5 STALE),[1],Pearson_Full_FisherZ_Signed,run_vae_clf_ad_inference.py,5,UNKNOWN,128,960,2.5,mse_sum_batchmean_current,80,12,240,training_ready_metadata,UNKNOWN,UNKNOWN,UNKNOWN,UNKNOWN,"0.725;0.518;0.640;UNKNOWN;UNKNOWN",0.7969,0.0364,0.6014,0.7044,0.7184,0.6904,0.5329,stale_outer5_invalid,"outer=5 run; noted as invalid for 3x3 ranking; results appear in channel_set_metrics in greedy v1 dir"
FAST_v1_ch5,[5] single-channel (outer=5 STALE),[5],DistanceCorr,run_vae_clf_ad_inference.py,5,UNKNOWN,128,960,2.5,mse_sum_batchmean_current,80,12,240,training_ready_metadata,UNKNOWN,UNKNOWN,UNKNOWN,UNKNOWN,UNKNOWN,0.7865,0.0290,0.5813,0.7145,0.7384,0.6906,0.5491,stale_outer5_invalid,"outer=5 run; noted as invalid for 3x3 ranking"
FAST_3x3_ch1,[1] single-channel (3x3),[1],Pearson_Full_FisherZ_Signed,run_vae_clf_ad_inference.py,3,3,128,960,2.5,mse_sum_batchmean_current,80,12,240,training_ready_metadata,UNKNOWN,UNKNOWN,UNKNOWN,UNKNOWN,"UNKNOWN;UNKNOWN;UNKNOWN",0.7621,0.0119,0.4868,0.6940,0.7813,0.6067,0.5194,greedy_selected,"Best single channel; greedy step 1 winner"
FAST_3x3_ch5,[5] single-channel (3x3),[5],DistanceCorr,run_vae_clf_ad_inference.py,3,3,128,960,2.5,mse_sum_batchmean_current,80,12,240,training_ready_metadata,UNKNOWN,UNKNOWN,UNKNOWN,UNKNOWN,UNKNOWN,0.7439,0.0049,0.4922,0.6773,0.6979,0.6567,0.5033,not_selected,"2nd best single in 3x3"
FAST_3x3_ch1_4,[1,4] pair (3x3),"[1,4]",Pearson_Full | dFC_StdDev,run_vae_clf_ad_inference.py,3,3,128,960,2.5,mse_sum_batchmean_current,80,12,240,training_ready_metadata,UNKNOWN,UNKNOWN,UNKNOWN,UNKNOWN,UNKNOWN,0.7648,0.0096,0.4984,0.6977,0.7188,0.6767,0.5265,1SE_stop,"Best pair; delta=0.0027 vs [1] — below 0.01 stop rule; [1] retained as simpler"
FAST_3x3_ch1_2,[1,2] pair (3x3),"[1,2]",Pearson_Full | MI_KNN,run_vae_clf_ad_inference.py,3,3,128,960,2.5,mse_sum_batchmean_current,80,12,240,training_ready_metadata,UNKNOWN,UNKNOWN,UNKNOWN,UNKNOWN,UNKNOWN,0.7610,0.0134,0.5041,0.7004,0.7708,0.6300,0.5276,not_selected,"2nd best pair; lower than [1,4]"
FAST_meta647_ch5,[5] meta647 (ablation_canales.py),[5],DistanceCorr,ablation_canales.py,3,UNKNOWN,128,300,2.5,UNKNOWN,30,4,30,patched_metadata_candidate_N647,646,300,97,249,"0.7288;0.6700;0.8247",0.7412,0.0451,UNKNOWN,UNKNOWN,UNKNOWN,UNKNOWN,UNKNOWN,greedy_anchor,"Best single in meta647 screen; different from 3x3 (DistanceCorr wins here)"
FAST_meta647_ch5_2,[5,2] (ablation_canales.py),"[5,2]",DistanceCorr+MI_KNN,ablation_canales.py,3,UNKNOWN,128,300,2.5,UNKNOWN,30,4,30,patched_metadata_candidate_N647,646,300,97,249,"0.7497;0.8231;0.7716",0.7815,0.0218,UNKNOWN,UNKNOWN,UNKNOWN,UNKNOWN,UNKNOWN,1SE_parsimonious,"Within 1-SE of [5,2,1]; 1-SE threshold=0.7767"
FAST_meta647_ch5_2_1,[5,2,1] (ablation_canales.py),"[5,2,1]",DistanceCorr+MI_KNN+Pearson_Full,ablation_canales.py,3,UNKNOWN,128,300,2.5,UNKNOWN,30,4,30,patched_metadata_candidate_N647,646,300,97,249,"0.7742;0.7794;0.8156",0.7897,0.0130,UNKNOWN,UNKNOWN,UNKNOWN,UNKNOWN,UNKNOWN,exploratory_best,"FAST best 3-channel; labeled hypothesis-generating only"
ch521_FULL_stageA_logreg,[5,2,1] FULL 5x5 Stage A (logreg),"[5,2,1]",DistanceCorr+MI_KNN+Pearson_Full,run_vae_clf_ad_inference.py,5,5,384,10000,3.75,mse_sum_batchmean_current,80,125,560,patched_metadata_candidate,397,300,97,UNKNOWN,"0.713;0.840;0.818;0.671;0.844",0.7615,UNKNOWN,0.5016,0.5776,0.1753,0.9800,0.2833,stageA_pooled_only,"Stage A (locked canonical logreg) pooled; high specificity but very low sensitivity"
ch521_FULL_stageB_logreg,[5,2,1] FULL 5x5 Stage B (logreg OOF-ECDF),"[5,2,1]",DistanceCorr+MI_KNN+Pearson_Full,run_vae_clf_ad_inference.py,5,5,384,10000,3.75,mse_sum_batchmean_current,80,125,560,patched_metadata_candidate,397,300,97,UNKNOWN,UNKNOWN,0.7764,UNKNOWN,0.5260,0.6852,0.6804,0.6900,0.5156,REJECTED,"AUC=0.7764 < gate 0.7830; PR-AUC=0.5260 < gate 0.5599; Δ AUC vs [1,0,2]=-0.0187"
reference_ch102_FULL,[1,0,2] FULL 5x5 Stage B (reference),"[1,0,2]",Pearson_Full+OMST+MI_KNN,run_vae_clf_ad_inference.py,5,5,384,10000,3.75,mse_sum_batchmean_current,80,125,560,patched_metadata_candidate,397,300,97,UNKNOWN,UNKNOWN,0.7952,UNKNOWN,0.5739,0.7260,0.7320,0.7200,0.5635,FINAL_SELECTED,"Promoted model; OOF-ECDF calibrated; passed ADNI gate; verified by OASIS"
